Workbook
Name Print_Titles: Спецификация!$A$7:$XFD$8

Sheet Спецификация
H1: Приложение № 1 к Договору поставки №
A3: СПЕЦИФИКАЦИЯ
A4: Объект: Филиал "Пермская ГРЭС" АО "Интер РАО-Электрогенерация"
A5: Грузополучатель: Филиал "Пермская ГРЭС" АО "Интер РАО-Электрогенерация", Адрес: РФ, 618740,Пермский край, м.о.Добрянский, г.Добрянка, Пермская ГРЭС КПП грузополучателя 591443001
A7: Поз. № | B7: Код позиции | C7: Наименование Товара Покупателя | D7: ед. изм. | E7: Кол-во, всего | F7: Цена Товара за ед. без НДС (руб.) | G7: Сумма Товара без НДС (руб.) | H7: НДС | J7: Сумма Товара с НДС (руб.) | K7: Наименование производителя | L7: Примечание
H8: Ставка % | I8: Сумма НДС
A9: 1 | G9: =ROUND(E9*F9,2) -> 0 | H9: 0.22 | I9: =ROUND(G9*H9,2) -> 0 | J9: =G9+I9 -> 0
A10: 2 | G10: =ROUND(E10*F10,2) -> 0 | H10: 0.22 | I10: =ROUND(G10*H10,2) -> 0 | J10: =G10+I10 -> 0
A11: … | G11: =ROUND(E11*F11,2) -> 0 | H11: 0.22 | I11: =ROUND(G11*H11,2) -> 0 | J11: =G11+I11 -> 0
A12: Сумма без НДС : | G12: =SUM(G9:G11) -> 0
A13: НДС 22%: | I13: =SUM(I9:I11) -> 0
A14: Итого с НДС: | J14: =SUM(J9:J11) -> 0
A16: Условия поставки:
A17: В Стоимость Товара включены все расходы по поставке Товара.
B19: Поставщик: __________________ «____» _________________ г М.П. | G19: Покупатель: Директор Филиала «Пермская ГРЭС» АО «Интер РАО –Электрогенерация» ___________________С.А. Митин «____» _________________ г М.П.

Sheet График поставки
H1: Приложение № 2 к Договору поставки №
A3: ГРАФИК ПОСТАВКИ
A5: Место поставки: Склад Покупателя на Объекте филиал "Пермская ГРЭС" АО "Интер РАО - Электрогенерация" по адресу: РФ, 618740, Пермский край, м.о. Добрянский, г. Добрянка, Пермская ГРЭС
A7: № п/п | B7: Наименование Товара, запчастей, этапов поставки, партий | C7: Ед. Изм. | D7: Кол-во (итого за год) | E7: Стоимость Товара руб.), без НДС | F7: Стоимость Товара (руб), с НДС | G7: Сроки поставки в 2026 году
G8: январь | H8: февраль | I8: март | J8: апрель | K8: май | L8: июнь | M8: июль | N8: август | O8: сентябрь | P8: октябрь | Q8: ноябрь | R8: декабрь
A9: 1 | B9: =IF(Спецификация!C9="","",Спецификация!C9) | C9: =IF(Спецификация!D9="","",Спецификация!D9) | D9: =Спецификация!E9 -> 0 | E9: =Спецификация!G9 -> 0 | F9: =Спецификация!J9 -> 0
A10: 2 | B10: =IF(Спецификация!C12="","",Спецификация!C12) | C10: =IF(Спецификация!D12="","",Спецификация!D12) | D10: =Спецификация!E10 -> 0 | E10: =Спецификация!G10 -> 0 | F10: =Спецификация!J10 -> 0
A11: … | B11: =IF('Спецификация'!C13="","",'Спецификация'!C13) | C11: =IF('Спецификация'!D13="","",'Спецификация'!D13) | D11: =Спецификация!E11 -> 0 | E11: =Спецификация!G11 -> 0 | F11: =Спецификация!J11 -> 0
A12: Итого | E12: =SUM(E9:E11) -> 0 | F12: =SUM(F9:F11) -> 0
A14: Поставка и передача Товара осуществляется: на Складе Покупателя по адресу: РФ, 618740, Пермский край, м.о. Добрянский, г. Добрянка, Пермская ГРЭС
B16: Поставщик: __________________ «____» _____________ г М.П. | F16: Покупатель: Директор Филиала «Пермская ГРЭС» АО «Интер РАО –Электрогенерация» ___________________С.А. Митин «____» _____________ г М.П.

Sheet Форма  (подписать не заполняя)
M1: Приложение №3 к Договору поставки №
A4: Справка о цепочке собственников компании
A6: № п/п | B6: Наименование контрагента (ИНН, вид деятельности) | H6: Информация о цепочке собственников, включая бенефициаров(в том числе конечных)
B7: ИНН | C7: ОГРН | D7: Наименование краткое | E7: Код ОКВЭД | F7: Фамилия, Имя, Отчество руководителя | G7: Серия и номер документа удостоверяющего личность руководителя | H7: № | I7: ИНН | J7: ОГРН | K7: Наименование / ФИО | L7: Адрес регистрации | M7: Серия и номер документа удостоверяющего личность руководителя (для физических лиц) | N7: Руководитель/участник/ бенефициар | O7: Информация о подтвержда-ющих документов (наи-менование, номера и т.д.)
A8: 1 | B8: 2 | C8: 3 | D8: 4 | E8: 5 | F8: 6 | G8: 7 | H8: 8 | I8: 9 | J8: 10 | K8: 11 | L8: 12 | M8: 13 | N8: 14 | O8: 15
A13: Примечание:
A14: 1. | B14: Поставщик гарантирует Покупателю, что сведения и документы в отношении всей цепочки собственников и руководителей, включая бенефициаров (в том числе конечных), передаваемые Покупателю являются полными, точными и достоверными.
A15: 2. | B15: Поставщик настоящим выдает согласие и подтверждает получение им всех требуемых в соответствии с действующим законодательством РФ (в том числе о коммерческой тайне и о персональных данных) согласий всех упомянутых в сведениях, заинтересованных или причастных к сведениям лиц на обработку, а также на раскрытие Покупателем полностью или частично предоставленных сведений компетентным органам государственной власти (в том числе, но не ограничиваясь, Федеральной налоговой службе РФ, Минэнерго России, Росфинмониторингу, Правительству РФ) и последующую обработку сведений такими органами (далее - Раскрытие). Поставщик настоящим освобождает Покупателя от любой ответственности в связи с Раскрытием, в том числе возмещает Покупателю убытки, понесенные в связи с предъявлением Покупателю претензий, исков и требований любыми третьими лицами, чьи права были или могли быть нарушены таким Раскрытием.
A17: ФОРМУ УТВЕРЖДАЕМ:
B19: Поставщик: __________________ «____» _______________ г М.П. | J19: Покупатель: Директор Филиала «Пермская ГРЭС» АО «Интер РАО –Электрогенерация» ___________________С.А. Митин «____» _______________ г М.П.
